﻿<?xml version="1.0"?>
<doc>
<assembly>
<name>
OperadoraNominas
</name>
</assembly>
<members>
<member name="P:OperadoraNominas.My.Resources.Resources.ResourceManager">
	<summary>
  Devuelve la instancia de ResourceManager almacenada en caché utilizada por esta clase.
</summary>
</member><member name="P:OperadoraNominas.My.Resources.Resources.Culture">
	<summary>
  Reemplaza la propiedad CurrentUICulture del subproceso actual para todas las
  búsquedas de recursos mediante esta clase de recurso fuertemente tipado.
</summary>
</member><member name="P:OperadoraNominas.My.Resources.Resources._1361008137_export_excel">
	<summary>
  Busca un recurso adaptado de tipo System.Drawing.Bitmap.
</summary>
</member><member name="P:OperadoraNominas.My.Resources.Resources.cerrar">
	<summary>
  Busca un recurso adaptado de tipo System.Drawing.Bitmap.
</summary>
</member><member name="P:OperadoraNominas.My.Resources.Resources.disquete">
	<summary>
  Busca un recurso adaptado de tipo System.Drawing.Bitmap.
</summary>
</member><member name="P:OperadoraNominas.My.Resources.Resources.disquete1">
	<summary>
  Busca un recurso adaptado de tipo System.Drawing.Bitmap.
</summary>
</member><member name="P:OperadoraNominas.My.Resources.Resources.if_magnifier_data_532758">
	<summary>
  Busca un recurso adaptado de tipo System.Drawing.Bitmap.
</summary>
</member><member name="P:OperadoraNominas.My.Resources.Resources.if_rotation_job_seeker_employee_unemployee_work_2620504">
	<summary>
  Busca un recurso adaptado de tipo System.Drawing.Bitmap.
</summary>
</member><member name="P:OperadoraNominas.My.Resources.Resources.material_escolar">
	<summary>
  Busca un recurso adaptado de tipo System.Drawing.Bitmap.
</summary>
</member><member name="P:OperadoraNominas.My.Resources.Resources.sobresalir__1_">
	<summary>
  Busca un recurso adaptado de tipo System.Drawing.Bitmap.
</summary>
</member><member name="T:OperadoraNominas.My.Resources.Resources">
	<summary>
  Clase de recurso fuertemente tipado, para buscar cadenas traducidas, etc.
</summary>
</member>
</members>
</doc>